<?xml version="1.0" encoding="UTF-8"?>
<antlib xmlns:c="ant:current">
<!--
   |~~~~~~~~~~~~~~~~~~~~~~~~~~~~~~~~~~~~~~~~~~~~~~~~~~~~~~~~~~~~~~~~~~~~~~~~|
   | The public AntXtras tasks, macro, and type definitions.                |
   | (c) 2004-2005,2007 iDare Media, Inc. All rights reserved.              |
   |________________________________________________________________________|
   -->

    <!--
       | AntXtras Core TYPES
      -->

    <typedef name="errorsnapshot"     classname="com.idaremedia.antx.ErrorSnapshot"/>
    <typedef name="strings"           classname="com.idaremedia.antx.solo.StringList"/>
    <typedef name="urls"              classname="com.idaremedia.antx.solo.UrlList"/>
    <typedef name="properties"        classname="com.idaremedia.antx.solo.PropertiesList"/>
    <typedef name="msgsbundle"        classname="com.idaremedia.antx.init.UISMBundle"/>
    <typedef name="rule"              classname="com.idaremedia.antx.condition.solo.BuildRule"/>
    <typedef name="tallyset"          classname="com.idaremedia.antx.condition.solo.TallySet"/>
    <typedef name="criteria"          classname="com.idaremedia.antx.condition.solo.ExecuteCriteria"/>
    <typedef name="emitconfiguration" classname="com.idaremedia.antx.feedback.EmitConfigurationType"/>
    <typedef name="emitmappings"      classname="com.idaremedia.antx.feedback.GroupingMapper"/>
    <typedef name="printer"           classname="com.idaremedia.antx.print.PrinterMapping"/>
    <typedef name="printer-registry"  classname="com.idaremedia.antx.print.PrinterRegistry"/>

    <!--
       | AntXtras Core TASKS
      -->

    <taskdef name="managebundles"  classname="com.idaremedia.antx.init.InitUISMTask"/>
    <taskdef name="overlay-msgs"   classname="com.idaremedia.antx.init.UISMConfigureTask"/>
    <taskdef name="show"           classname="com.idaremedia.antx.starters.MsgTask"/>
    <taskdef name="copymsg"        classname="com.idaremedia.antx.init.CopyMsgTask"/>

    <taskdef name="emit"           classname="com.idaremedia.antx.feedback.EmitTask"/>
    <taskdef name="overlay-emit"   classname="com.idaremedia.antx.feedback.EmitConfigureTask"/>
    <taskdef name="print"          classname="com.idaremedia.antx.print.PrintTask"/>
    <taskdef name="manageprinters" classname="com.idaremedia.antx.print.ManagePrintersTask"/>
    <taskdef name="checkpoint"     classname="com.idaremedia.antx.feedback.CheckpointTask"/>
    <taskdef name="emitlogs"       classname="com.idaremedia.antx.feedback.EmitLogsTask"/>

    <taskdef name="fixturecheck"   classname="com.idaremedia.antx.condition.solo.VerifyFixture"/>
    <taskdef name="assert"         classname="com.idaremedia.antx.condition.solo.AssertTask"/>
    <taskdef name="require"        classname="com.idaremedia.antx.condition.solo.AssertTask"/>
    <taskdef name="prefer"         classname="com.idaremedia.antx.condition.solo.PreferTask"/>
    <taskdef name="tally"          classname="com.idaremedia.antx.condition.solo.TallyTask"/>
    <taskdef name="matches"        classname="com.idaremedia.antx.condition.solo.MatchesTask"/>
    <taskdef name="rulemacro"      classname="com.idaremedia.antx.condition.solo.RuleMacroDef"/>
    <taskdef name="batchchecks"    classname="com.idaremedia.antx.condition.solo.BatchChecksTaskSet"/>

    <taskdef name="assign"         classname="com.idaremedia.antx.solo.ExportTask"/>
    <taskdef name="assignimport"   classname="com.idaremedia.antx.solo.ImportTask"/>
    <taskdef name="unassign"       classname="com.idaremedia.antx.solo.UnassignTask"/>
    <taskdef name="copyproperty"   classname="com.idaremedia.antx.solo.CopyPropertyTask"/>
    <taskdef name="copyreference"  classname="com.idaremedia.antx.solo.CopyReferenceTask"/>
    <taskdef name="overlay"        classname="com.idaremedia.antx.solo.LocalFixtureTaskSet"/>
    <taskdef name="capturelogs"    classname="com.idaremedia.antx.capture.CaptureLogsTask"/>
    <taskdef name="captureoutput"  classname="com.idaremedia.antx.capture.CaptureStreamsTask"/>
    <taskdef name="copylogged"     classname="com.idaremedia.antx.capture.CopyLoggedTask"/>
    <taskdef name="clearlogged"    classname="com.idaremedia.antx.capture.ClearLoggedTask"/>
    <taskdef name="evaluatelogged" classname="com.idaremedia.antx.capture.InterpretLoggedTask"/>
    <taskdef name="datadef"        classname="com.idaremedia.antx.fixture.helpers.DataDefTask"/>
    
    <taskdef name="autorun"        classname="com.idaremedia.antx.solo.AutoRunLibraryTaskSet"/>
    <taskdef name="manageuris"     classname="com.idaremedia.antx.solo.ValueURIManagerTask"/>

    <taskdef name="do"             classname="com.idaremedia.antx.flowcontrol.ConditionalTaskSet"/>
    <taskdef name="dowhile"        classname="com.idaremedia.antx.flowcontrol.RepeatedTaskSet"/>
    <taskdef name="stop"           classname="com.idaremedia.antx.flowcontrol.StopTask"/>

    <taskdef name="locals"         classname="com.idaremedia.antx.flowcontrol.wrap.Locals"/>
    <taskdef name="isolate"        classname="com.idaremedia.antx.flowcontrol.wrap.IsolatedTaskSet"/>
    <taskdef name="protect"        classname="com.idaremedia.antx.flowcontrol.wrap.ProtectedTaskSet"/>
    <taskdef name="iferror"        classname="com.idaremedia.antx.flowcontrol.wrap.IfErrorTask"/>
    <taskdef name="always"         classname="com.idaremedia.antx.flowcontrol.wrap.AlwaysTask"/>

    <taskdef name="runsteps"       classname="com.idaremedia.antx.flowcontrol.call.StepLauncher"/>
    <taskdef name="step"           classname="com.idaremedia.antx.flowcontrol.call.InlineStep"/>
    <taskdef name="callinline"     classname="com.idaremedia.antx.flowcontrol.call.LocalTargetTask"/>
    <taskdef name="call"           classname="com.idaremedia.antx.flowcontrol.call.CallOnceTask"/>
    <taskdef name="callforeach"    classname="com.idaremedia.antx.flowcontrol.call.CallForEachTask"/>
    <taskdef name="foreach"        classname="com.idaremedia.antx.flowcontrol.call.InlineForEachTask"/>
    <taskdef name="install-steprunner" classname="com.idaremedia.antx.flowcontrol.call.StepLauncherInstallTask"/>

    <taskdef name="domatch"        classname="com.idaremedia.antx.flowcontrol.match.SwitchTask"/>
    <taskdef name="equals"         classname="com.idaremedia.antx.flowcontrol.match.MatchEquals"/>
    <taskdef name="like"           classname="com.idaremedia.antx.flowcontrol.match.MatchLike"/>
    <taskdef name="default"        classname="com.idaremedia.antx.flowcontrol.match.MatchAll"/>
    <taskdef name="otherwise"      classname="com.idaremedia.antx.flowcontrol.match.MatchAll"/>
    <taskdef name="meets"          classname="com.idaremedia.antx.flowcontrol.match.MatchCondition"/>

    <taskdef name="newfile"        classname="com.idaremedia.antx.mktemp.MkFileTask"/>
    <taskdef name="tempdir"        classname="com.idaremedia.antx.mktemp.TempLocator"/>
    <taskdef name="newtempdir"     classname="com.idaremedia.antx.mktemp.MkTempDirectory"/>
    <taskdef name="newtempfile"    classname="com.idaremedia.antx.mktemp.MkTempFile"/>
    <taskdef name="truncatefile"   classname="com.idaremedia.antx.mktemp.TruncateFileTask"/>
    <taskdef name="truncatefiles"  classname="com.idaremedia.antx.mktemp.TruncateFileTask"/>
    <taskdef name="parentdir"      classname="com.idaremedia.antx.mktemp.ParentDirTask"/>
    <taskdef name="listdir"        classname="com.idaremedia.antx.mktemp.ListDirTask"/>
    <taskdef name="mkdirs"         classname="com.idaremedia.antx.mktemp.MkdirsTask"/>

    <taskdef name="createtask"     classname="com.idaremedia.antx.construct.CreateTaskTask"/>
    <taskdef name="altertask"      classname="com.idaremedia.antx.construct.AlterTaskTask"/>
    <taskdef name="performtask"    classname="com.idaremedia.antx.construct.PerformTaskTask"/>

    <taskdef name="printenv"       classname="com.idaremedia.antx.print.EchoItemsTask"/>
    <taskdef name="printerror"     classname="com.idaremedia.antx.print.EchoErrorTask"/>
    <taskdef name="vendorinfo"     classname="com.idaremedia.antx.solo.VendorInfoTask"/>

    <!--
       | AntXtras Core antlib-friendly name
      -->

    <taskdef name="msgsdef"        classname="com.idaremedia.antx.init.InitUISMTask"/>
    <taskdef name="ruledef"        classname="com.idaremedia.antx.condition.solo.RuleMacroDef"/>
 
    <!--
       | AntXtras Test TASKS
      -->

    <taskdef name="assertlogged"   classname="com.idaremedia.antx.capture.AssertLoggedTask"/>
    <taskdef name="never"          classname="com.idaremedia.antx.condition.solo.NeverTask"/>
    <taskdef name="printbundle"    classname="com.idaremedia.antx.init.EchoBundleTask"/>


    <!--
       | AntXtras Common Variants
      -->
    <presetdef name="macrolocals">
      <c:locals name="_macrolocals_"/>
    </presetdef>

    <presetdef name="macroisolate">
      <c:isolate block="_macrolocals_"/>
    </presetdef>
    
    <presetdef name="looplocals">
      <c:locals name="_looplocals_"/>
    </presetdef>

    <presetdef name="loopisolate">
      <c:isolate block="_looplocals_"/>
    </presetdef>
    
    <presetdef name="pathproperty">
      <c:copyproperty transform="ospath"/>
    </presetdef>

    <presetdef name="true">
      <c:equals value="true"/>
    </presetdef>


    <!--
       | AntXtras backward-compatible declarations (lives for 1-2 major revisions)
      -->

    <!-- @deprecated Use 'managebundles' instead [deathday: AntX v0.6] -->
    <taskdef name="managebundle"  classname="com.idaremedia.antx.init.InitUISMTask"/>
    <!-- @deprecated Usage 'overlay-msgs' instead [deathday: AntX v0.6] -->
    <taskdef name="msgsconfigure"  classname="com.idaremedia.antx.init.UISMConfigureTask"/>
    <!-- @deprecated Usage 'overlay-emit' instead [deathday: AntX v0.6] -->
    <taskdef name="emitconfigure"  classname="com.idaremedia.antx.feedback.EmitConfigureTask"/>
</antlib>

<!-- $Id: antlib.xml 187 2007-03-25 17:59:16Z ssmc $ -->
