<?xml version="1.0" encoding="UTF-8"?>
<antlib>
<!--
   |~~~~~~~~~~~~~~~~~~~~~~~~~~~~~~~~~~~~~~~~~~~~~~~~~~~~~~~~~~~~~~~~~~~~~~~~|
   | The standard AntXtras conditions. Install to use with/instead-of the   |
   | standard Ant conditions (like 'not' and 'or').                         |
   | (c) 2004-2005 iDare Media, Inc. All rights reserved.                   |
   |________________________________________________________________________|
   -->

    <typedef name="isset"        classname="com.idaremedia.antx.condition.IsSet"/>
    <typedef name="isnotset"     classname="com.idaremedia.antx.condition.IsNotSet"/>
    <typedef name="issettrue"    classname="com.idaremedia.antx.condition.IsSetTrue"/>

    <typedef name="isallset"     classname="com.idaremedia.antx.condition.AllSet"/>
    <typedef name="isnoneset"    classname="com.idaremedia.antx.condition.NoneSet"/>
    <typedef name="isanyset"     classname="com.idaremedia.antx.condition.AnySet"/>
    <typedef name="isalltrue"    classname="com.idaremedia.antx.condition.AllSetTrue"/>
    <typedef name="isallsettrue" classname="com.idaremedia.antx.condition.AllSetTrue"/>
    <typedef name="isanytrue"    classname="com.idaremedia.antx.condition.AnySetTrue"/>
    <typedef name="isanysettrue" classname="com.idaremedia.antx.condition.AnySetTrue"/>

    <typedef name="isboolean"    classname="com.idaremedia.antx.condition.IsBoolean"/>
    <typedef name="isnumeric"    classname="com.idaremedia.antx.condition.IsNumeric"/>
    <typedef name="isnotwhitespace" classname="com.idaremedia.antx.condition.IsNotWhitespace"/>

    <typedef name="isclass"        classname="com.idaremedia.antx.condition.IsClass"/>
    <typedef name="isresource"     classname="com.idaremedia.antx.condition.IsResource"/>
    <typedef name="isreference"    classname="com.idaremedia.antx.condition.IsReference"/>
    <typedef name="isdirectory"    classname="com.idaremedia.antx.condition.IsDirectory"/>
    <typedef name="isfilenotempty" classname="com.idaremedia.antx.condition.FileNotEmpty"/>

    <typedef name="ismatch"      classname="com.idaremedia.antx.condition.Matches"/>
    <typedef name="isequal"      classname="com.idaremedia.antx.condition.StringEquals"/>
    <typedef name="isantversion" classname="com.idaremedia.antx.condition.IsAntVersion"/>

</antlib>

<!-- $Id: antlib.xml 180 2007-03-15 12:56:38Z ssmc $ -->
