<?xml version="1.0" encoding="UTF-8"?>
<antlib xmlns:c="ant:current">
<!--
   |~~~~~~~~~~~~~~~~~~~~~~~~~~~~~~~~~~~~~~~~~~~~~~~~~~~~~~~~~~~~~~~~~~~~~~~~|
   | Fastest way to get the *ENTIRE* universe of AntX "stuff" including our |
   | simple test harness utilities.                                         |
   |                                                                        |
   | (c) 2004-2005,2007 iDare Media, Inc. All rights reserved.              |
   |________________________________________________________________________|
   -->

<!--
   |~~~~~~~~~~~~~~~~~~~~~~~~~~~~~~~~~~~~~~~~~~~~~~~~~~~~~~~~~~~~~~~~~~~~~~~~|
   | Install *ALL* of the main AntX types, tasks, and value uri handlers.   |
   |________________________________________________________________________|
   -->
   <taskdef resource="com/idaremedia/antx/antlib.xml"/>
   <typedef resource="com/idaremedia/antx/condition/antlib.xml"/>
   <typedef resource="com/idaremedia/antx/valueuri/antlib.xml"/>


<!--
   |~~~~~~~~~~~~~~~~~~~~~~~~~~~~~~~~~~~~~~~~~~~~~~~~~~~~~~~~~~~~~~~~~~~~~~~~|
   | Install the steplaunch target that lets client call nested targets.    |
   |________________________________________________________________________|
   -->
   <c:install-steprunner/>


<!--
   |~~~~~~~~~~~~~~~~~~~~~~~~~~~~~~~~~~~~~~~~~~~~~~~~~~~~~~~~~~~~~~~~~~~~~~~~|
   | For using AntX in scripts to test AntX-based components. You should    |
   | remove these macrodefs if not using AntX|AntUnit as test harness;      |
   | otherwise use to ensure Xdefs-under-test operate with own classloader  |
   | and avoid testing the wrong class when earlier version is installed on |
   | Ant runtime path.                                                      |
   |________________________________________________________________________|
   -->
    <macrodef name="SUTclasspathdef">
      <attribute name="markresource"/>
      <sequential>
        <c:assert isnotset="SUT.loc" msg="SUTclasspathdef never called"/>
        <property name="ant.reuse.loader" value="yes"/>
        <c:parentdir of="resource:@{markresource}" pop="0"
                     pathproperty="SUT.loc" mustexist="yes"/>
      </sequential>
    </macrodef>

    <macrodef name="SUTdef">
      <attribute name="antlib"/>
      <attribute name="markresource"/>
      <attribute name="classloader" default="SUT.classloader"/>
      <sequential>
        <c:SUTclasspathdef markresource="@{markresource}"/>
        <taskdef resource="@{antlib}" classpath="${SUT.loc}"
                 loaderref="@{classloader}"/>
      </sequential>
    </macrodef>

    <macrodef name="SUTdefIfNot">
      <attribute name="antlib"/>
      <attribute name="markresource"/>
      <attribute name="classloader" default="SUT.classloader"/>
      <sequential>
        <c:do unless="SUT.loc">
          <c:SUTclasspathdef markresource="@{markresource}"/>
          <taskdef resource="@{antlib}" classpath="${SUT.loc}"
                   loaderref="@{classloader}"/>
        </c:do>
      </sequential>
    </macrodef>

    <macrodef name="CUTdef">
      <attribute name="name"/>
      <attribute name="classname"/>
      <attribute name="classloader" default="SUT.classloader"/>
      <sequential>
        <taskdef name="@{name}" classname="@{classname}"
                  classpath="${SUT.loc}" loaderref="@{classloader}"/>
      </sequential>
    </macrodef>

</antlib>

<!-- $Id: antlib.xml 187 2007-03-25 17:59:16Z ssmc $ -->
